username,email,full_name,user_type,tier,is_demo,password
la_mansion_premier_event_venue,la_mansion_premier_event_venue@wgo4y.com,La Mansion - Premier Event Venue,business,gold,No,Test1234
mcclellan_tavern,info@mcclellans.com,McClellan's Tavern,business,gold,No,Test1234
one_mansion,info@onemansion.com,One Mansion,business,gold,No,Test1234
rack_em_up,info@rackemup.com,Rack Em Up,business,gold,No,Test1234
dboy_stackalini_rap_producer_s,dboy_stackalini_rap_producer_s@wgo4y.com,Dboy Stackalini - Rap/Producer/Song Writer Profile,entrepreneur,gold,No,Test1234
d_petty,d_petty@wgo4y.com,D.Petty,entrepreneur,silver,No,Test1234
the_lace_mirror,lacemirror@wgo4y.com,The Lace Mirror,entrepreneur,silver,No,Test1234
mist_n_smoke_lounge_bronze_pac_1121,mist_n_smoke_lounge_bronze_pac@wgo4y.com,Mist-N-Smoke Lounge,business,basic,Yes,Test1234
sideline_sports_bar_1591,sideline_sports_bar@wgo4y.com,Sideline Sports Bar,business,basic,Yes,Test1234
summit_hall_event_venue_1627,summit_hall_event_venue@wgo4y.com,Summit Hall - Event Venue,business,basic,Yes,Test1234
the_grand_pavilion_1674,the_grand_pavilion@wgo4y.com,The Grand Pavilion,business,basic,Yes,Test1234
1779_2_1779,1779_2@wgo4y.com,Ocean Breeze Pavilion Profile,business,basic,Yes,Test1234
aqua_luxe_poolside_venue_profi_1903,aqua_luxe_poolside_venue_profi@wgo4y.com,Aqua Luxe Poolside Venue Profile,business,basic,Yes,Test1234
coastal_elegance_venue_profile_1942,coastal_elegance_venue_profile@wgo4y.com,Coastal Elegance Venue Profile,business,basic,Yes,Test1234
serenity_waters_poolside_venue_2137,serenity_waters_poolside_venue@wgo4y.com,Serenity Waters Poolside Venue Profile,business,basic,Yes,Test1234
havana_nights_cigar_lounge_pro_2164,havana_nights_cigar_lounge_pro@wgo4y.com,Havana Nights Cigar Lounge Profile,business,basic,Yes,Test1234
mia_cocktail_queen_rivera_bart_3577,mia_cocktail_queen_rivera_bart@wgo4y.com,Mia “Cocktail Queen” Rivera - Bartender Profile,business,basic,Yes,Test1234
alex_mix_master_carter_bartend_3587,alex_mix_master_carter_bartend@wgo4y.com,Alex “Mix Master” Carter - Bartender Profile,business,basic,Yes,Test1234
liam_craft_king_thompson_barte_3602,liam_craft_king_thompson_barte@wgo4y.com,Liam “Craft King” Thompson - Bartender Profile,business,basic,Yes,Test1234
burgar_restaurant_bar_4020,burgar_restaurant_bar@wgo4y.com,Burgar Restaurant &amp; Bar,business,basic,Yes,Test1234
elijah_wordsmith_reed_poet_pro_2194,elijah_wordsmith_reed_poet_pro@wgo4y.com,Elijah “Wordsmith” Reed - Poet Profile,entrepreneur,basic,Yes,Test1234
nina_trendsetter_blake_stylist_2254,nina_trendsetter_blake_stylist@wgo4y.com,Nina “Trendsetter” Blake - Stylist Profile,entrepreneur,basic,Yes,Test1234
brianna_elegance_expert_monroe_2284,brianna_elegance_expert_monroe@wgo4y.com,Brianna “Elegance Expert” Monroe - Stylist Profile,entrepreneur,basic,Yes,Test1234
ava_style_maven_carter_stylist_2316,ava_style_maven_carter_stylist@wgo4y.com,Ava “Style Maven” Carter - Stylist Profile,entrepreneur,basic,Yes,Test1234
jordan_the_glam_guru_ellis_sty_2349,jordan_the_glam_guru_ellis_sty@wgo4y.com,Jordan “The Glam Guru” Ellis - Stylist Profile,entrepreneur,basic,Yes,Test1234
maya_soul_writer_thompson_poet_2444,maya_soul_writer_thompson_poet@wgo4y.com,Maya “Soul Writer” Thompson - Poet Profile,entrepreneur,basic,Yes,Test1234
dj_soundwave_nc_3164,dj_soundwave_nc@wgo4y.com,DJ SoundWave (NC),entrepreneur,basic,Yes,Test1234
dj_rhythmix_nc_3220,dj_rhythmix_nc@wgo4y.com,DJ Rhythmix (NC),entrepreneur,basic,Yes,Test1234
dj_bassdrops_nc_3239,dj_bassdrops_nc@wgo4y.com,DJ BassDrop's (NC),entrepreneur,basic,Yes,Test1234
lisa_carter_comedian_profile_3730,lisa_carter_comedian_profile@wgo4y.com,Lisa Carter - Comedian Profile,entrepreneur,basic,Yes,Test1234
rackem_up_1202,rackem_up@wgo4y.com,Rack’em Up,general_public,basic,Yes,Test1234
the_velvet_groove_1278,the_velvet_groove@wgo4y.com,The Velvet Groove,general_public,basic,Yes,Test1234
strikezone_bowling_center_1290,strikezone_bowling_center@wgo4y.com,StrikeZone Bowling Center,general_public,basic,Yes,Test1234
roll_strike_bowling_alley_1453,roll_strike_bowling_alley@wgo4y.com,Roll &amp; Strike Bowling Alley,general_public,basic,Yes,Test1234
the_golden_tap_high_end_1518,the_golden_tap_high_end@wgo4y.com,The Golden Tap - High-End,general_public,basic,Yes,Test1234
elite_event_rentals_1567,elite_event_rentals@wgo4y.com,Elite Event Rentals,general_public,basic,Yes,Test1234
the_cozy_corner_1709,the_cozy_corner@wgo4y.com,The Cozy Corner,general_public,basic,Yes,Test1234
the_smoke_room_profile_1829,the_smoke_room_profile@wgo4y.com,The Smoke Room Profile,general_public,basic,Yes,Test1234
harmony_hills_amphitheater_pro_1872,harmony_hills_amphitheater_pro@wgo4y.com,Harmony Hills Amphitheater Profile,general_public,basic,Yes,Test1234
palmetto_grove_amphitheater_pr_2064,palmetto_grove_amphitheater_pr@wgo4y.com,Palmetto Grove Amphitheater Profile,general_public,basic,Yes,Test1234
mystery_quest_escape_rooms_pro_2105,mystery_quest_escape_rooms_pro@wgo4y.com,Mystery Quest Escape Rooms Profile,general_public,basic,Yes,Test1234
jordan_lens_master_taylor_phot_2376,jordan_lens_master_taylor_phot@wgo4y.com,Jordan “Lens Master” Taylor - Photographer Profile,general_public,basic,Yes,Test1234
malik_frame_king_carter_videog_2400,malik_frame_king_carter_videog@wgo4y.com,Malik “Frame King” Carter - Videographer Profile,general_public,basic,Yes,Test1234
chris_visionary_johnson_videog_2425,chris_visionary_johnson_videog@wgo4y.com,Chris “Visionary” Johnson - Videographer Profile,general_public,basic,Yes,Test1234
taylor_cinepro_west_videograph_2465,taylor_cinepro_west_videograph@wgo4y.com,Taylor “CinePro” West - Videographer Profile,general_public,basic,Yes,Test1234
purr_play_cafe_profile_2604,purr_play_cafe_profile@wgo4y.com,Purr &amp; Play Café Profile,general_public,basic,Yes,Test1234
the_gamers_arena_profile_2848,the_gamers_arena_profile@wgo4y.com,The Gamer's Arena Profile,general_public,basic,Yes,Test1234
the_makers_nook_profile_2870,the_makers_nook_profile@wgo4y.com,The Maker’s Nook Profile,general_public,basic,Yes,Test1234
the_artisans_haven_profile_2891,the_artisans_haven_profile@wgo4y.com,The Artisan’s Haven Profile,general_public,basic,Yes,Test1234
escape_haven_profile_2917,escape_haven_profile@wgo4y.com,Escape Haven Profile,general_public,basic,Yes,Test1234
the_virtual_escape_profile_2934,the_virtual_escape_profile@wgo4y.com,The Virtual Escape Profile,general_public,basic,Yes,Test1234
sunny_pastures_petting_zoo_pro_2948,sunny_pastures_petting_zoo_pro@wgo4y.com,Sunny Pastures Petting Zoo Profile,general_public,basic,Yes,Test1234
starlight_drive_in_profile_2964,starlight_drive_in_profile@wgo4y.com,Starlight Drive-In Profile,general_public,basic,Yes,Test1234
fright_haven_profile_2976,fright_haven_profile@wgo4y.com,Fright Haven Profile,general_public,basic,Yes,Test1234
battlezone_laser_tag_profile_2989,battlezone_laser_tag_profile@wgo4y.com,BattleZone Laser Tag Profile,general_public,basic,Yes,Test1234
sunset_drive_in_profile_3008,sunset_drive_in_profile@wgo4y.com,Sunset Drive-In Profile,general_public,basic,Yes,Test1234
greenville_dance_academy_profi_3022,greenville_dance_academy_profi@wgo4y.com,Greenville Dance Academy Profile,general_public,basic,Yes,Test1234
twilight_cinema_nights_profile_3034,twilight_cinema_nights_profile@wgo4y.com,Twilight Cinema Nights Profile,general_public,basic,Yes,Test1234
skybounce_trampoline_park_prof_3047,skybounce_trampoline_park_prof@wgo4y.com,SkyBounce Trampoline Park Profile,general_public,basic,Yes,Test1234
palmetto_fun_park_profile_3057,palmetto_fun_park_profile@wgo4y.com,Palmetto Fun Park Profile,general_public,basic,Yes,Test1234
event_champ_3126,event_champ@wgo4y.com,Event Champ,general_public,basic,Yes,Test1234
party_pulses_full_profile_3192,party_pulses_full_profile@wgo4y.com,Party Pulse's Full Profile,general_public,basic,Yes,Test1234
soulful_harmony_nc_3259,soulful_harmony_nc@wgo4y.com,Soulful Harmony (NC),general_public,basic,Yes,Test1234
the_scene_maker_nc_3281,the_scene_maker_nc@wgo4y.com,The Scene Maker (NC),general_public,basic,Yes,Test1234
rising_star_nc_3305,rising_star_nc@wgo4y.com,Rising Star (NC),general_public,basic,Yes,Test1234
southern_strings_nc_3325,southern_strings_nc@wgo4y.com,Southern Strings (NC),general_public,basic,Yes,Test1234
steel_thunder_nc_3368,steel_thunder_nc@wgo4y.com,Steel Thunder (NC),general_public,basic,Yes,Test1234
bella_luxe_nc_3392,bella_luxe_nc@wgo4y.com,Bella Luxe (NC),general_public,basic,Yes,Test1234
laughter_lyn_3412,laughter_lyn@wgo4y.com,Laughter Lyn,general_public,basic,Yes,Test1234
chris_chuckles_3430,chris_chuckles@wgo4y.com,Chris Chuckles,general_public,basic,Yes,Test1234
jasmine_royale_3451,jasmine_royale@wgo4y.com,Jasmine Royale,general_public,basic,Yes,Test1234
unity_christian_center_nc_3468,unity_christian_center_nc@wgo4y.com,Unity Christian Center (NC),general_public,basic,Yes,Test1234
sophia_starr_3487,sophia_starr@wgo4y.com,Sophia Starr,general_public,basic,Yes,Test1234
grace_fellowship_church_3506,grace_fellowship_church@wgo4y.com,Grace Fellowship Church,general_public,basic,Yes,Test1234
zion_hill_methodist_church_nc_3524,zion_hill_methodist_church_nc@wgo4y.com,Zion Hill Methodist Church (NC),general_public,basic,Yes,Test1234
new_hope_baptist_church_profil_3543,new_hope_baptist_church_profil@wgo4y.com,New Hope Baptist Church Profile,general_public,basic,Yes,Test1234
maria_guardian_lopez_security__3615,maria_guardian_lopez_security_@wgo4y.com,Maria “Guardian” Lopez - Security Personnel Profile,general_public,basic,Yes,Test1234
anthony_steel_johnson_security_3628,anthony_steel_johnson_security@wgo4y.com,Anthony “Steel” Johnson - Security Personnel Profile,general_public,basic,Yes,Test1234
james_shield_carter_security_p_3641,james_shield_carter_security_p@wgo4y.com,James “Shield” Carter - Security Personnel Profile,general_public,basic,Yes,Test1234
alyssa_luxe_martinez_baddie_mo_3657,alyssa_luxe_martinez_baddie_mo@wgo4y.com,Alyssa “Luxe” Martinez - Baddie Model Profile,general_public,basic,Yes,Test1234
jake_the_vibe_simmons_promoter_3675,jake_the_vibe_simmons_promoter@wgo4y.com,Jake “The Vibe” Simmons - Promoter Profile,general_public,basic,Yes,Test1234
jasmine_queen_j_taylor_baddie__3714,jasmine_queen_j_taylor_baddie_@wgo4y.com,Jasmine “Queen J” Taylor - Baddie Model Profile,general_public,basic,Yes,Test1234
lisa_the_connector_rivera_prom_3745,lisa_the_connector_rivera_prom@wgo4y.com,Lisa “The Connector” Rivera - Promoter Profile,general_public,basic,Yes,Test1234
marcus_hype_johnson_promoter_p_3770,marcus_hype_johnson_promoter_p@wgo4y.com,Marcus “Hype” Johnson - Promoter Profile,general_public,basic,Yes,Test1234
pro_styles_entertainment_4159,pro_styles_entertainment@wgo4y.com,Pro Styles Entertainment,general_public,basic,Yes,Test1234
