post_id,title,slug,type,profile_type,featured_image_filename,featured_image_url,additional_images_count,additional_images
74,About Us,about-us,page,general,,,0,
76,Events,events,page,general,,,0,
78,Venues,venues,page,business,,,0,
80,Jobs,jobs,page,general,,,0,
82,Contact Us,contact-us,page,general,,,0,
84,Sign In,sign-in,page,general,,,0,
86,Sign Up,sign-up,page,general,,,0,
96,Raffles,raffles,page,general,,,0,
1030,Policy,policy,page,general,,,0,
2561,Entrepreneur,entrepreneur,page,general,,,0,
2671,Shop,shop,page,general,,,0,
3120,Create Your Page,create-your-page,page,general,,,0,
3819,User,user,page,general,,,0,
3820,Login,login,page,general,,,0,
3821,Register,register-2,page,general,,,0,
3822,Members,members,page,general,,,0,
3823,Logout,logout,page,general,,,0,
4093,wpuf-preview,wpuf-preview,page,general,,,0,
3824,Account,account,page,general,,,0,
3825,Password Reset,password-reset,page,general,,,0,
3826,Under Construction,under-construction,page,general,,,0,
3858,Test Page,test-page,page,general,,,0,
3915,Home,home,page,general,,,0,
3925,Membership Profile,membership-profile,page,general,,,0,
4090,TESTWPUSER,testwpuser,page,general,,,0,
4104,Dashboard,dashboard,page,general,,,0,
4105,Dashboard,dashboard-2,page,general,,,0,
4106,Account,account-2,page,general,,,0,
4107,Edit,edit,page,general,,,0,
4108,Login,login-2,page,general,,,0,
4109,Account,account-3,page,general,,,0,
4111,Edit,edit-2,page,general,,,0,
4114,Subscription,subscription,page,general,,,0,
4115,Login,login-3,page,general,,,0,
4116,Payment,payment,page,general,,,0,
4120,Thank You,thank-you,page,general,,,0,
4121,Subscription,subscription-2,page,general,,,0,
4122,Order Received,order-received,page,general,,,0,
4123,Payment,payment-2,page,general,,,0,
4124,Thank You,thank-you-2,page,general,,,0,
4125,Order Received,order-received-2,page,general,,,0,
4144,Submit Post,submit-postt,page,general,,,0,
4150,Jobs,jobs-2,page,general,,,0,
4151,Post Job,job-post,page,general,,,0,
4152,Jobs Dashboard,jobs-dashboard,page,general,,,0,
4211,Member Directory,member-directory,page,general,,,0,
4220,Attention,attention,page,general,,,0,
4224,Activity,activity,page,general,,,0,
4229,Create Group,create_group,page,general,,,0,
4230,My Groups,my_groups,page,general,,,0,
4231,Groups,groups,page,general,,,0,
4232,Invites,group_invites,page,general,,,0,
4252,Messages,messages,page,general,,,0,
4331,Cart,cart,page,general,,,0,
4343,Checkout,checkout,page,general,,,0,
4351,Coupon,coupon,page,general,,,0,
4703,Payment successful,payment-successful,page,general,,,0,
4704,Payment canceled,payment-cancelled,page,general,,,0,
1121,Mist-N-Smoke Lounge,mist-n-smoke-lounge-bronze-package,post,general,Mist.png,https://whatsgoingon4you.com/wp-content/uploads/2025/03/Mist.png,0,
1202,Rack’em Up,rackem-up,post,general,6-copy.jpg,https://whatsgoingon4you.com/wp-content/uploads/2025/03/6-copy.jpg,0,
1278,The Velvet Groove,the-velvet-groove,post,general,Velvet-Groove.png,https://whatsgoingon4you.com/wp-content/uploads/2025/03/Velvet-Groove.png,0,
1290,StrikeZone Bowling Center,strikezone-bowling-center,post,general,Bowling.png,https://whatsgoingon4you.com/wp-content/uploads/2025/03/Bowling.png,0,
1355,La Mansion - Premier Event Venue,la-mansion-premier-event-venue,post,business,La-Mansion.png,https://whatsgoingon4you.com/wp-content/uploads/2025/03/La-Mansion.png,0,
1453,Roll &amp; Strike Bowling Alley,roll-strike-bowling-alley,post,general,Roll-and-Strike.png,https://whatsgoingon4you.com/wp-content/uploads/2025/03/Roll-and-Strike.png,0,
1518,The Golden Tap - High-End,the-golden-tap-high-end,post,general,The-Golden-Tap.png,https://whatsgoingon4you.com/wp-content/uploads/2025/03/The-Golden-Tap.png,0,
1567,Elite Event Rentals,elite-event-rentals,post,general,img10.jpg,https://whatsgoingon4you.com/wp-content/uploads/2025/03/img10.jpg,0,
4705,Already subscribed,already-subscribed,page,general,,,0,
4706,Stripe Checkout URL,stripe,page,general,,,0,
4707,Customer Portal,customer-portal,page,general,,,0,
4776,Company Details,jb-company-details,page,general,,,0,
6190,Subscription Plan,subscription-plans,page,general,,,0,
6629,Submit Organizer Form,submit-organizer-form,page,general,,,0,
6630,Organizer Dashboard,organizer-dashboard,page,general,,,0,
6631,Event Organizers,event-organizers,page,general,,,0,
6632,Submit Venue Form,submit-venue-form,page,business,,,0,
6633,Venue Dashboard,venue-dashboard,page,business,,,0,
6634,Event Venues,event-venues,page,business,,,0,
1591,Sideline Sports Bar,sideline-sports-bar,post,general,img7.jpg,https://whatsgoingon4you.com/wp-content/uploads/2025/03/img7.jpg,0,
1627,Summit Hall - Event Venue,summit-hall-event-venue,post,business,img11-2.jpg,https://whatsgoingon4you.com/wp-content/uploads/2025/03/img11-2.jpg,0,
1674,The Grand Pavilion,the-grand-pavilion,post,general,img10-3.jpg,https://whatsgoingon4you.com/wp-content/uploads/2025/03/img10-3.jpg,0,
1709,The Cozy Corner,the-cozy-corner,post,general,img6.jpg,https://whatsgoingon4you.com/wp-content/uploads/2025/03/img6.jpg,0,
1779,Ocean Breeze Pavilion Profile,1779-2,post,general,img9-1.jpg,https://whatsgoingon4you.com/wp-content/uploads/2025/03/img9-1.jpg,0,
1829,The Smoke Room Profile,the-smoke-room-profile,post,general,img8.jpg,https://whatsgoingon4you.com/wp-content/uploads/2025/03/img8.jpg,0,
1872,Harmony Hills Amphitheater Profile,harmony-hills-amphitheater-profile,post,general,img6-1.jpg,https://whatsgoingon4you.com/wp-content/uploads/2025/03/img6-1.jpg,0,
1903,Aqua Luxe Poolside Venue Profile,aqua-luxe-poolside-venue-profile,post,business,img8-2.jpg,https://whatsgoingon4you.com/wp-content/uploads/2025/03/img8-2.jpg,0,
1942,Coastal Elegance Venue Profile,coastal-elegance-venue-profile,post,business,img9-2.jpg,https://whatsgoingon4you.com/wp-content/uploads/2025/03/img9-2.jpg,0,
2064,Palmetto Grove Amphitheater Profile,palmetto-grove-amphitheater-profile,post,general,img7-1.jpg,https://whatsgoingon4you.com/wp-content/uploads/2025/03/img7-1.jpg,0,
2105,Mystery Quest Escape Rooms Profile,mystery-quest-escape-rooms-profile,post,general,img10-8.jpg,https://whatsgoingon4you.com/wp-content/uploads/2025/03/img10-8.jpg,0,
2137,Serenity Waters Poolside Venue Profile,serenity-waters-poolside-venue-profile,post,business,img9-4.jpg,https://whatsgoingon4you.com/wp-content/uploads/2025/03/img9-4.jpg,0,
2164,Havana Nights Cigar Lounge Profile,havana-nights-cigar-lounge-profile,post,general,img10-10.jpg,https://whatsgoingon4you.com/wp-content/uploads/2025/03/img10-10.jpg,0,
2194,Elijah “Wordsmith” Reed - Poet Profile,elijah-wordsmith-reed-poet-profile,post,general,img6-2.jpg,https://whatsgoingon4you.com/wp-content/uploads/2025/03/img6-2.jpg,0,
2254,Nina “Trendsetter” Blake - Stylist Profile,nina-trendsetter-blake-stylist-profile,post,general,img6-3.jpg,https://whatsgoingon4you.com/wp-content/uploads/2025/03/img6-3.jpg,0,
2284,Brianna “Elegance Expert” Monroe - Stylist Profile,brianna-elegance-expert-monroe-stylist-profile,post,general,img6-4.jpg,https://whatsgoingon4you.com/wp-content/uploads/2025/03/img6-4.jpg,0,
2316,Ava “Style Maven” Carter - Stylist Profile,ava-style-maven-carter-stylist-profile,post,general,img6-5.jpg,https://whatsgoingon4you.com/wp-content/uploads/2025/03/img6-5.jpg,0,
2349,Jordan “The Glam Guru” Ellis - Stylist Profile,jordan-the-glam-guru-ellis-stylist-profile,post,general,img6-6.jpg,https://whatsgoingon4you.com/wp-content/uploads/2025/03/img6-6.jpg,0,
2376,Jordan “Lens Master” Taylor - Photographer Profile,jordan-lens-master-taylor-photographer-profile,post,general,img7-2.jpg,https://whatsgoingon4you.com/wp-content/uploads/2025/03/img7-2.jpg,0,
2400,Malik “Frame King” Carter - Videographer Profile,malik-frame-king-carter-videographer-profile,post,general,img6-7.jpg,https://whatsgoingon4you.com/wp-content/uploads/2025/03/img6-7.jpg,0,
2425,Chris “Visionary” Johnson - Videographer Profile,chris-visionary-johnson-videographer-profile,post,general,img6-8.jpg,https://whatsgoingon4you.com/wp-content/uploads/2025/03/img6-8.jpg,0,
2444,Maya “Soul Writer” Thompson - Poet Profile,maya-soul-writer-thompson-poet-profile,post,general,img6-9.jpg,https://whatsgoingon4you.com/wp-content/uploads/2025/03/img6-9.jpg,0,
2465,Taylor “CinePro” West - Videographer Profile,taylor-cinepro-west-videographer-profile,post,general,img6-10.jpg,https://whatsgoingon4you.com/wp-content/uploads/2025/03/img6-10.jpg,0,
2604,Purr &amp; Play Café Profile,purr-play-cafe-profile,post,general,img6-11.jpg,https://whatsgoingon4you.com/wp-content/uploads/2025/03/img6-11.jpg,0,
2780,Dboy Stackalini - Rap/Producer/Song Writer Profile,dboy-stackalini-rap-producer-song-writer-profile,post,general,img8.jpg,https://whatsgoingon4you.com/wp-content/uploads/2025/04/img8.jpg,0,
2848,The Gamer's Arena Profile,the-gamers-arena-profile,post,general,img6.jpg,https://whatsgoingon4you.com/wp-content/uploads/2025/04/img6.jpg,0,
2870,The Maker’s Nook Profile,the-makers-nook-profile,post,general,img6-1.jpg,https://whatsgoingon4you.com/wp-content/uploads/2025/04/img6-1.jpg,0,
2891,The Artisan’s Haven Profile,the-artisans-haven-profile,post,general,img6-2.jpg,https://whatsgoingon4you.com/wp-content/uploads/2025/04/img6-2.jpg,0,
2917,Escape Haven Profile,escape-haven-profile,post,general,img6-3.jpg,https://whatsgoingon4you.com/wp-content/uploads/2025/04/img6-3.jpg,0,
2934,The Virtual Escape Profile,the-virtual-escape-profile,post,general,img6-4.jpg,https://whatsgoingon4you.com/wp-content/uploads/2025/04/img6-4.jpg,0,
2948,Sunny Pastures Petting Zoo Profile,sunny-pastures-petting-zoo-profile,post,general,img6-5.jpg,https://whatsgoingon4you.com/wp-content/uploads/2025/04/img6-5.jpg,0,
2964,Starlight Drive-In Profile,starlight-drive-in-profile,post,general,img6-6.jpg,https://whatsgoingon4you.com/wp-content/uploads/2025/04/img6-6.jpg,0,
2976,Fright Haven Profile,fright-haven-profile,post,general,img6-7.jpg,https://whatsgoingon4you.com/wp-content/uploads/2025/04/img6-7.jpg,0,
2989,BattleZone Laser Tag Profile,battlezone-laser-tag-profile,post,general,img6-8.jpg,https://whatsgoingon4you.com/wp-content/uploads/2025/04/img6-8.jpg,0,
3008,Sunset Drive-In Profile,sunset-drive-in-profile,post,general,img6-9.jpg,https://whatsgoingon4you.com/wp-content/uploads/2025/04/img6-9.jpg,0,
3022,Greenville Dance Academy Profile,greenville-dance-academy-profile,post,general,img6-10.jpg,https://whatsgoingon4you.com/wp-content/uploads/2025/04/img6-10.jpg,0,
3034,Twilight Cinema Nights Profile,twilight-cinema-nights-profile,post,general,img6-11.jpg,https://whatsgoingon4you.com/wp-content/uploads/2025/04/img6-11.jpg,0,
3047,SkyBounce Trampoline Park Profile,skybounce-trampoline-park-profile,post,general,img6-12.jpg,https://whatsgoingon4you.com/wp-content/uploads/2025/04/img6-12.jpg,0,
3057,Palmetto Fun Park Profile,palmetto-fun-park-profile,post,general,img6-13.jpg,https://whatsgoingon4you.com/wp-content/uploads/2025/04/img6-13.jpg,0,
3126,Event Champ,event-champ,post,general,img6-14.jpg,https://whatsgoingon4you.com/wp-content/uploads/2025/04/img6-14.jpg,0,
3164,DJ SoundWave (NC),dj-soundwave-nc,post,entrepreneur,img6-15.jpg,https://whatsgoingon4you.com/wp-content/uploads/2025/04/img6-15.jpg,0,
3192,Party Pulse's Full Profile,party-pulses-full-profile,post,general,img6-16.jpg,https://whatsgoingon4you.com/wp-content/uploads/2025/04/img6-16.jpg,0,
3220,DJ Rhythmix (NC),dj-rhythmix-nc,post,entrepreneur,img6-17.jpg,https://whatsgoingon4you.com/wp-content/uploads/2025/04/img6-17.jpg,0,
3239,DJ BassDrop's (NC),dj-bassdrops-nc,post,entrepreneur,img6-18.jpg,https://whatsgoingon4you.com/wp-content/uploads/2025/04/img6-18.jpg,0,
3259,Soulful Harmony (NC),soulful-harmony-nc,post,general,img6-19.jpg,https://whatsgoingon4you.com/wp-content/uploads/2025/04/img6-19.jpg,0,
3281,The Scene Maker (NC),the-scene-maker-nc,post,general,img6-20.jpg,https://whatsgoingon4you.com/wp-content/uploads/2025/04/img6-20.jpg,0,
3305,Rising Star (NC),rising-star-nc,post,general,img6-21.jpg,https://whatsgoingon4you.com/wp-content/uploads/2025/04/img6-21.jpg,0,
3325,Southern Strings (NC),southern-strings-nc,post,general,img6-22.jpg,https://whatsgoingon4you.com/wp-content/uploads/2025/04/img6-22.jpg,0,
3347,Soulful Harmony (NC),soulful-harmony-nc-2,post,general,img6-23.jpg,https://whatsgoingon4you.com/wp-content/uploads/2025/04/img6-23.jpg,0,
3368,Steel Thunder (NC),steel-thunder-nc,post,general,img6-24.jpg,https://whatsgoingon4you.com/wp-content/uploads/2025/04/img6-24.jpg,0,
3392,Bella Luxe (NC),bella-luxe-nc,post,general,img6-25.jpg,https://whatsgoingon4you.com/wp-content/uploads/2025/04/img6-25.jpg,0,
3412,Laughter Lyn,laughter-lyn,post,general,img6-26.jpg,https://whatsgoingon4you.com/wp-content/uploads/2025/04/img6-26.jpg,0,
3430,Chris Chuckles,chris-chuckles,post,general,img6-27.jpg,https://whatsgoingon4you.com/wp-content/uploads/2025/04/img6-27.jpg,0,
3451,Jasmine Royale,jasmine-royale,post,general,img6-28.jpg,https://whatsgoingon4you.com/wp-content/uploads/2025/04/img6-28.jpg,0,
3468,Unity Christian Center (NC),unity-christian-center-nc,post,general,img6-29.jpg,https://whatsgoingon4you.com/wp-content/uploads/2025/04/img6-29.jpg,0,
3487,Sophia Starr,sophia-starr,post,general,img6-30.jpg,https://whatsgoingon4you.com/wp-content/uploads/2025/04/img6-30.jpg,0,
3506,Grace Fellowship Church,grace-fellowship-church,post,general,img6-31.jpg,https://whatsgoingon4you.com/wp-content/uploads/2025/04/img6-31.jpg,0,
3524,Zion Hill Methodist Church (NC),zion-hill-methodist-church-nc,post,general,img6-32.jpg,https://whatsgoingon4you.com/wp-content/uploads/2025/04/img6-32.jpg,0,
3543,New Hope Baptist Church Profile,new-hope-baptist-church-profile,post,general,img6-33.jpg,https://whatsgoingon4you.com/wp-content/uploads/2025/04/img6-33.jpg,0,
3577,Mia “Cocktail Queen” Rivera - Bartender Profile,mia-cocktail-queen-rivera-bartender-profile,post,general,img8-6.jpg,https://whatsgoingon4you.com/wp-content/uploads/2025/04/img8-6.jpg,0,
3587,Alex “Mix Master” Carter - Bartender Profile,alex-mix-master-carter-bartender-profile,post,general,img8-7.jpg,https://whatsgoingon4you.com/wp-content/uploads/2025/04/img8-7.jpg,0,
3602,Liam “Craft King” Thompson - Bartender Profile,liam-craft-king-thompson-bartender-profile,post,general,img7.jpg,https://whatsgoingon4you.com/wp-content/uploads/2025/04/img7.jpg,0,
3615,Maria “Guardian” Lopez - Security Personnel Profile,maria-guardian-lopez-security-personnel-profile,post,general,img8-8.jpg,https://whatsgoingon4you.com/wp-content/uploads/2025/04/img8-8.jpg,0,
3628,Anthony “Steel” Johnson - Security Personnel Profile,anthony-steel-johnson-security-personnel-profile,post,general,img8-9.jpg,https://whatsgoingon4you.com/wp-content/uploads/2025/04/img8-9.jpg,0,
3641,James “Shield” Carter - Security Personnel Profile,james-shield-carter-security-personnel-profile,post,general,img8-10.jpg,https://whatsgoingon4you.com/wp-content/uploads/2025/04/img8-10.jpg,0,
3657,Alyssa “Luxe” Martinez - Baddie Model Profile,alyssa-luxe-martinez-baddie-model-profile,post,general,img8-11.jpg,https://whatsgoingon4you.com/wp-content/uploads/2025/04/img8-11.jpg,0,
3675,Jake “The Vibe” Simmons - Promoter Profile,jake-the-vibe-simmons-promoter-profile,post,general,img9-1.jpg,https://whatsgoingon4you.com/wp-content/uploads/2025/04/img9-1.jpg,0,
3714,Jasmine “Queen J” Taylor - Baddie Model Profile,jasmine-queen-j-taylor-baddie-model-profile,post,general,img10-20.jpg,https://whatsgoingon4you.com/wp-content/uploads/2025/04/img10-20.jpg,0,
3730,Lisa Carter - Comedian Profile,lisa-carter-comedian-profile,post,general,img8-13.jpg,https://whatsgoingon4you.com/wp-content/uploads/2025/04/img8-13.jpg,0,
3745,Lisa “The Connector” Rivera - Promoter Profile,lisa-the-connector-rivera-promoter-profile,post,general,img11-25.jpg,https://whatsgoingon4you.com/wp-content/uploads/2025/04/img11-25.jpg,0,
3770,Marcus “Hype” Johnson - Promoter Profile,marcus-hype-johnson-promoter-profile,post,general,img9-2.jpg,https://whatsgoingon4you.com/wp-content/uploads/2025/04/img9-2.jpg,0,
4020,Burgar Restaurant &amp; Bar,burgar-restaurant-bar,post,general,img5.jpg,https://whatsgoingon4you.com/wp-content/uploads/2025/05/img5.jpg,0,
4159,Pro Styles Entertainment,pro-styles-entertainment,post,general,ea4fb48b-e19d-4d14-9d57-8a41d39a7bc4-1.png,https://whatsgoingon4you.com/wp-content/uploads/2025/06/ea4fb48b-e19d-4d14-9d57-8a41d39a7bc4-1.png,0,
6427,D.Petty,d-petty,post,general,IMG_6465.jpg,https://whatsgoingon4you.com/wp-content/uploads/2025/08/IMG_6465.jpg,0,
